offering_id,project_id,project_name,town,ballot_group_id,classification,flat_type,flat_variant,lease_years,floor_area_sqm,internal_floor_area_sqm,units,price_min_sgd,price_max_sgd,price_includes_floor_finishes,price_min_excl_finishes_sgd,price_max_excl_finishes_sgd,hdb_illustrative_ehg_sgd,price_min_after_illustrative_ehg_sgd,resale_comparable_min_sgd,resale_comparable_max_sgd,discount_vs_resale_min_pct,waiting_time_months,mop_years,subsidy_recovery_pct,income_ceiling_sgd,income_ceiling_short_lease_sgd,eligible_singles,eligible_families,min_age_single,option_fee_sgd,source
F26-SBV-01,SBV,Sembawang Voyage,Sembawang,SEMBAWANG|2-room Flexi,Standard,2-room Flexi,Type 1 (40 sqm),99,40,38,81,150000,187000,FALSE,,,120000,30000,370000,400000,59.5,44,5,0,7000,14000,TRUE,TRUE,35,500,HDB Annex A (Feb 2026 BTO/SBF) https://www.hdb.gov.sg/-/media/hdb-pulse/news/2026/hdb-launches-9012-flats-in-february-2026-bto-and-sbf-exercises/Annex-A.pdf
F26-SBV-02,SBV,Sembawang Voyage,Sembawang,SEMBAWANG|2-room Flexi,Standard,2-room Flexi,Type 2 (48 sqm),99,48,46,210,175000,228000,FALSE,,,120000,55000,370000,400000,52.7,44,5,0,7000,14000,TRUE,TRUE,35,500,HDB Annex A (Feb 2026 BTO/SBF) https://www.hdb.gov.sg/-/media/hdb-pulse/news/2026/hdb-launches-9012-flats-in-february-2026-bto-and-sbf-exercises/Annex-A.pdf
F26-SBV-03,SBV,Sembawang Voyage,Sembawang,SEMBAWANG|4-room,Standard,4-room,,99,93,90,454,304000,422000,FALSE,,,80000,224000,585000,675000,48.0,44,5,0,14000,,FALSE,TRUE,,2000,HDB Annex A (Feb 2026 BTO/SBF) https://www.hdb.gov.sg/-/media/hdb-pulse/news/2026/hdb-launches-9012-flats-in-february-2026-bto-and-sbf-exercises/Annex-A.pdf
F26-SBV-04,SBV,Sembawang Voyage,Sembawang,SEMBAWANG|5-room,Standard,5-room,,99,113,110,428,439000,582000,FALSE,,,55000,384000,715000,820000,38.6,44,5,0,14000,,FALSE,TRUE,,2000,HDB Annex A (Feb 2026 BTO/SBF) https://www.hdb.gov.sg/-/media/hdb-pulse/news/2026/hdb-launches-9012-flats-in-february-2026-bto-and-sbf-exercises/Annex-A.pdf
F26-SBD-05,SBD,Sembawang Deck,Sembawang,SEMBAWANG|2-room Flexi,Standard,2-room Flexi,Type 1 (40 sqm),99,40,38,42,158000,190000,TRUE,154000,187000,120000,38000,370000,400000,57.3,33,5,0,7000,14000,TRUE,TRUE,35,500,HDB Annex A (Feb 2026 BTO/SBF) https://www.hdb.gov.sg/-/media/hdb-pulse/news/2026/hdb-launches-9012-flats-in-february-2026-bto-and-sbf-exercises/Annex-A.pdf
F26-SBD-06,SBD,Sembawang Deck,Sembawang,SEMBAWANG|2-room Flexi,Standard,2-room Flexi,Type 2 (48 sqm),99,48,46,146,175000,237000,TRUE,172000,234000,120000,55000,370000,400000,52.7,33,5,0,7000,14000,TRUE,TRUE,35,500,HDB Annex A (Feb 2026 BTO/SBF) https://www.hdb.gov.sg/-/media/hdb-pulse/news/2026/hdb-launches-9012-flats-in-february-2026-bto-and-sbf-exercises/Annex-A.pdf
F26-SBD-07,SBD,Sembawang Deck,Sembawang,SEMBAWANG|3-room,Standard,3-room,,99,69,66,84,261000,343000,TRUE,255000,337000,105000,156000,460000,560000,43.3,33,5,0,14000,,FALSE,TRUE,,1000,HDB Annex A (Feb 2026 BTO/SBF) https://www.hdb.gov.sg/-/media/hdb-pulse/news/2026/hdb-launches-9012-flats-in-february-2026-bto-and-sbf-exercises/Annex-A.pdf
F26-SBD-08,SBD,Sembawang Deck,Sembawang,SEMBAWANG|4-room,Standard,4-room,,99,93,90,271,338000,426000,TRUE,330000,418000,80000,258000,585000,675000,42.2,33,5,0,14000,,FALSE,TRUE,,2000,HDB Annex A (Feb 2026 BTO/SBF) https://www.hdb.gov.sg/-/media/hdb-pulse/news/2026/hdb-launches-9012-flats-in-february-2026-bto-and-sbf-exercises/Annex-A.pdf
F26-SBD-09,SBD,Sembawang Deck,Sembawang,SEMBAWANG|5-room,Standard,5-room,,99,113,110,234,479000,585000,TRUE,469000,576000,55000,424000,715000,820000,33.0,33,5,0,14000,,FALSE,TRUE,,2000,HDB Annex A (Feb 2026 BTO/SBF) https://www.hdb.gov.sg/-/media/hdb-pulse/news/2026/hdb-launches-9012-flats-in-february-2026-bto-and-sbf-exercises/Annex-A.pdf
F26-TPB-10,TPB,Tampines Bliss,Tampines,TAMPINES|3-room,Standard,3-room,,99,69,66,80,363000,444000,TRUE,357000,438000,105000,258000,530000,580000,31.5,23,5,0,14000,,FALSE,TRUE,,1000,HDB Annex A (Feb 2026 BTO/SBF) https://www.hdb.gov.sg/-/media/hdb-pulse/news/2026/hdb-launches-9012-flats-in-february-2026-bto-and-sbf-exercises/Annex-A.pdf
F26-TPB-11,TPB,Tampines Bliss,Tampines,TAMPINES|4-room,Standard,4-room,,99,94,90,204,481000,600000,TRUE,473000,592000,80000,401000,688000,758000,30.1,23,5,0,14000,,FALSE,TRUE,,2000,HDB Annex A (Feb 2026 BTO/SBF) https://www.hdb.gov.sg/-/media/hdb-pulse/news/2026/hdb-launches-9012-flats-in-february-2026-bto-and-sbf-exercises/Annex-A.pdf
F26-TPN-12,TPN,Tampines Nova,Tampines,TAMPINES|2-room Flexi,Plus,2-room Flexi,Type 1 (40 sqm),99,40,38,24,197000,235000,TRUE,194000,232000,120000,77000,420000,440000,53.1,32,10,6,7000,14000,TRUE,TRUE,35,500,HDB Annex A (Feb 2026 BTO/SBF) https://www.hdb.gov.sg/-/media/hdb-pulse/news/2026/hdb-launches-9012-flats-in-february-2026-bto-and-sbf-exercises/Annex-A.pdf
F26-TPN-13,TPN,Tampines Nova,Tampines,TAMPINES|2-room Flexi,Plus,2-room Flexi,Type 2 (48 sqm),99,48,46,98,214000,292000,TRUE,211000,289000,120000,94000,420000,440000,49.0,32,10,6,7000,14000,TRUE,TRUE,35,500,HDB Annex A (Feb 2026 BTO/SBF) https://www.hdb.gov.sg/-/media/hdb-pulse/news/2026/hdb-launches-9012-flats-in-february-2026-bto-and-sbf-exercises/Annex-A.pdf
F26-TPN-14,TPN,Tampines Nova,Tampines,TAMPINES|4-room,Plus,4-room,,99,93,90,133,459000,602000,TRUE,451000,593000,55000,404000,738000,828000,37.8,32,10,6,14000,,FALSE,TRUE,,2000,HDB Annex A (Feb 2026 BTO/SBF) https://www.hdb.gov.sg/-/media/hdb-pulse/news/2026/hdb-launches-9012-flats-in-february-2026-bto-and-sbf-exercises/Annex-A.pdf
F26-KKC-15,KKC,Kim Keat Crest,Toa Payoh,TOA_PAYOH|2-room Flexi,Plus,2-room Flexi,Type 1 (40 sqm),99,40,38,58,203000,253000,FALSE,,,120000,83000,,,,37,10,6,7000,14000,TRUE,TRUE,35,500,HDB Annex A (Feb 2026 BTO/SBF) https://www.hdb.gov.sg/-/media/hdb-pulse/news/2026/hdb-launches-9012-flats-in-february-2026-bto-and-sbf-exercises/Annex-A.pdf
F26-KKC-16,KKC,Kim Keat Crest,Toa Payoh,TOA_PAYOH|2-room Flexi,Plus,2-room Flexi,Type 2 (48 sqm),99,48,46,219,229000,304000,FALSE,,,120000,109000,,,,37,10,6,7000,14000,TRUE,TRUE,35,500,HDB Annex A (Feb 2026 BTO/SBF) https://www.hdb.gov.sg/-/media/hdb-pulse/news/2026/hdb-launches-9012-flats-in-february-2026-bto-and-sbf-exercises/Annex-A.pdf
F26-KKC-17,KKC,Kim Keat Crest,Toa Payoh,TOA_PAYOH|3-room,Plus,3-room,,99,67,64,87,356000,450000,FALSE,,,90000,266000,710000,768000,49.9,37,10,6,14000,,FALSE,TRUE,,1000,HDB Annex A (Feb 2026 BTO/SBF) https://www.hdb.gov.sg/-/media/hdb-pulse/news/2026/hdb-launches-9012-flats-in-february-2026-bto-and-sbf-exercises/Annex-A.pdf
F26-KKC-18,KKC,Kim Keat Crest,Toa Payoh,TOA_PAYOH|4-room,Plus,4-room,,99,89,86,787,455000,624000,FALSE,,,55000,400000,850000,1090000,46.5,37,10,6,14000,,FALSE,TRUE,,2000,HDB Annex A (Feb 2026 BTO/SBF) https://www.hdb.gov.sg/-/media/hdb-pulse/news/2026/hdb-launches-9012-flats-in-february-2026-bto-and-sbf-exercises/Annex-A.pdf
F26-RHP-19,RHP,Redhill Peaks,Bukit Merah,BUKIT_MERAH|2-room Flexi,Prime,2-room Flexi,Type 1 (40 sqm),99,40,38,92,215000,295000,FALSE,,,120000,95000,,,,55,10,12,7000,14000,TRUE,TRUE,35,500,HDB Annex A (Feb 2026 BTO/SBF) https://www.hdb.gov.sg/-/media/hdb-pulse/news/2026/hdb-launches-9012-flats-in-february-2026-bto-and-sbf-exercises/Annex-A.pdf
F26-RHP-20,RHP,Redhill Peaks,Bukit Merah,BUKIT_MERAH|2-room Flexi,Prime,2-room Flexi,Type 2 (49 sqm),99,49,46,276,257000,373000,FALSE,,,120000,137000,,,,55,10,12,7000,14000,TRUE,TRUE,35,500,HDB Annex A (Feb 2026 BTO/SBF) https://www.hdb.gov.sg/-/media/hdb-pulse/news/2026/hdb-launches-9012-flats-in-february-2026-bto-and-sbf-exercises/Annex-A.pdf
F26-RHP-21,RHP,Redhill Peaks,Bukit Merah,BUKIT_MERAH|3-room,Prime,3-room,,99,67,64,91,385000,537000,FALSE,,,90000,295000,628000,828000,38.7,55,10,12,14000,,FALSE,TRUE,,1000,HDB Annex A (Feb 2026 BTO/SBF) https://www.hdb.gov.sg/-/media/hdb-pulse/news/2026/hdb-launches-9012-flats-in-february-2026-bto-and-sbf-exercises/Annex-A.pdf
F26-RHP-22,RHP,Redhill Peaks,Bukit Merah,BUKIT_MERAH|4-room,Prime,4-room,,99,90,86,593,563000,783000,FALSE,,,55000,508000,915000,1135000,38.5,55,10,12,14000,,FALSE,TRUE,,2000,HDB Annex A (Feb 2026 BTO/SBF) https://www.hdb.gov.sg/-/media/hdb-pulse/news/2026/hdb-launches-9012-flats-in-february-2026-bto-and-sbf-exercises/Annex-A.pdf
